date,query,title,author,likes,url
2026-03-10,openclaw 教程,从零开始，用AI在互联网打工,AF,34,https://www.xiaohongshu.com/search_result/69a2b766000000001d026acb
2026-03-10,openclaw 教程,每日产品3分钟｜什么是OpenClaw🦞？,网易产品茶话会,638,https://www.xiaohongshu.com/search_result/69a567140000000022020aad
2026-03-10,openclaw 教程,一个下午把openclaw装在手机上,沐轻然,25,https://www.xiaohongshu.com/search_result/6996d207000000001a02b863
2026-03-10,openclaw 教程,OpenClaw v2026.3.2 权限问题解决方案,癞疙宝&猪儿虫～,16,https://www.xiaohongshu.com/search_result/69a8e138000000002603da03
2026-03-10,openclaw 教程,Arthur,Arthur,613,https://www.xiaohongshu.com/search_result/6991c604000000000e00ce56
2026-03-10,openclaw 教程,Cosmo,Cosmo,504,https://www.xiaohongshu.com/search_result/698435ec000000002102a48a
2026-03-10,openclaw 教程,如何让你的 OpenClaw 成本降低 90%,鹿由,832,https://www.xiaohongshu.com/search_result/699c26bc000000001a035e24
2026-03-10,openclaw 教程,全球爆火AI工具openclaw手把手安装使用教程,长夜晨星,240,https://www.xiaohongshu.com/search_result/69ac5bb00000000016008037
2026-03-10,openclaw 教程,在OpenClaw中加载本地Qwen3.5-35B模型,chengys1,27,https://www.xiaohongshu.com/search_result/69a03fbc000000001d01109e
2026-03-10,openclaw 教程,小龙虾费钱吗？,👀嗨咯,24,https://www.xiaohongshu.com/search_result/69a2a22f0000000026033f20
2026-03-10,openclaw 教程,Mac电脑安装openclaw教程,OpenClaw深圳社区,476,https://www.xiaohongshu.com/search_result/69ab570b0000000023038de6
2026-03-10,openclaw 教程,OpenClaw 浏览器自动化：Playwright vs 扩,OpenClaw简中社区,59,https://www.xiaohongshu.com/search_result/699dd5eb0000000015033990
2026-03-10,openclaw 教程,玩了几天openClaw，感觉有点可怕,林浩ai资料铺,116,https://www.xiaohongshu.com/search_result/697f53b2000000000a02e2a2
2026-03-10,openclaw 教程,10个实用的OPENCLAW skills,王磊说,145,https://www.xiaohongshu.com/search_result/69a40b95000000000d00ba61
2026-03-10,openclaw 教程,给Openclaw选个靠谱的脑子太重要了,Cage的思考碎片,59,https://www.xiaohongshu.com/search_result/699039b0000000000a033991
2026-03-10,openclaw 教程,这下真的养不起我的AI们了…,Momo,1443,https://www.xiaohongshu.com/search_result/69a2c01f000000002802364c
2026-03-10,openclaw 安装教程,openclaw使用日常-20260204,爱钓鱼的IT宅,116,https://www.xiaohongshu.com/search_result/6982a51a00000000220321a6
2026-03-10,openclaw 安装教程,把mini m4八联支架叠起来,Qlin,199,https://www.xiaohongshu.com/search_result/68678b9e000000000d02401a
2026-03-10,openclaw 安装教程,独立叶,独立叶,4,https://www.xiaohongshu.com/search_result/6986c720000000001a0332fd
2026-03-10,openclaw 安装教程,江东萌虎🐯,江东萌虎🐯,596,https://www.xiaohongshu.com/search_result/699c7c820000000028022029
2026-03-10,openclaw 安装教程,OpenClaw免费安装教程,讲AI的老韩,1187,https://www.xiaohongshu.com/search_result/69ae334d000000001b015614
2026-03-10,openclaw 安装教程,从零到一部署并且免费使用OpenClaw教程！,超级斜杠,29,https://www.xiaohongshu.com/search_result/69958d41000000000c0357e3
2026-03-10,openclaw 安装教程,OpenClaw云端部署教程-Al自动化员工3步上岗,阿彦能行,134,https://www.xiaohongshu.com/search_result/69ad707f000000001b0166bb
2026-03-10,openclaw 安装教程,QQ官方接入OpenClaw小龙虾,AI 挖宝日记,1244,https://www.xiaohongshu.com/search_result/69ad7f4c000000002202d947
2026-03-10,openclaw 安装教程,OpenClaw 千万别更新到2026.3.2,DrZeng,429,https://www.xiaohongshu.com/search_result/69a91c3f000000001a01e4cb
2026-03-10,openclaw 安装教程,【保姆级】一文带你用QQ让Clawdbot打工！！,数字生命卡兹克,530,https://www.xiaohongshu.com/search_result/698024ac000000002103d62a
2026-03-10,openclaw 安装教程,问问大家有没有啥使用场景？,Fermi,543,https://www.xiaohongshu.com/search_result/6980f0fd000000002202c57f
2026-03-10,openclaw 安装教程,为了openclaw这只龙虾,1378650674.,180,https://www.xiaohongshu.com/search_result/69a05989000000001d012724
2026-03-10,openclaw 安装教程,openclaw现在终于和飞书打通了,瑞文的W,5,https://www.xiaohongshu.com/search_result/699f00810000000022033caa
2026-03-10,openclaw 安装教程,openclaw 权限怎么搞啊？,有什么好C的,10,https://www.xiaohongshu.com/search_result/6983e5910000000028009450
2026-03-10,openclaw 安装教程,OpenClaw必备终端命令手册,乔帮主Joey,499,https://www.xiaohongshu.com/search_result/697efd5f000000001a036102
2026-03-10,openclaw 小白教程,openclaw +飞书,UFO,75,https://www.xiaohongshu.com/search_result/69830c45000000002801d186
2026-03-10,openclaw 小白教程,🦞OpenClaw2026.3.7 更新,OpenClaw开源社区,249,https://www.xiaohongshu.com/search_result/69ad51730000000022031fd0
2026-03-10,openclaw 小白教程,从50到25万美元，OpenClaw只用了一晚上,大厂一线,705,https://www.xiaohongshu.com/search_result/698c90d5000000001a027d50
2026-03-10,openclaw 小白教程,别吹了，怎么感觉 openclaw 没啥用…,汪叽意且,122,https://www.xiaohongshu.com/search_result/69948f1d000000002801d2d7
2026-03-10,openclaw 小白教程,辰星智能,辰星智能,49,https://www.xiaohongshu.com/search_result/699fe201000000001b0148d0
2026-03-10,openclaw 小白教程,从 0 开始用 OpenClaw,杰森的效率工坊,6875,https://www.xiaohongshu.com/search_result/69901fec000000001a0233b3
2026-03-10,openclaw 小白教程,理工楠,理工楠,824,https://www.xiaohongshu.com/search_result/698a998a000000001a02f886
2026-03-10,openclaw 小白教程,折腾半天终于打通OpenClaw和Telegram,雪霁川风,49,https://www.xiaohongshu.com/search_result/699c8019000000001503b9f6
2026-03-10,openclaw 小白教程,MBB｜OpenClaw虽好也不能贪杯,咨询女工邓不利多,778,https://www.xiaohongshu.com/search_result/6990acee000000000a03d2cd
2026-03-10,openclaw 小白教程,【OpenClaw】Skills安装与使用完全指南,小陈同学c_z,380,https://www.xiaohongshu.com/search_result/69a6c2fa000000002602c500
2026-03-10,openclaw 小白教程,链条,链条,2,https://www.xiaohongshu.com/search_result/69ae1dea000000001b0175a7
2026-03-10,openclaw 小白教程,國產柒柒柒,國產柒柒柒,18,https://www.xiaohongshu.com/search_result/69a7071b000000001503094a
2026-03-10,openclaw 小白教程,Hanson,Hanson,1,https://www.xiaohongshu.com/search_result/699f9c07000000001b01660e
2026-03-10,openclaw 小白教程,懒人小白用上 OpenClaw 龙虾的懒人办法,识字笔记,2,https://www.xiaohongshu.com/search_result/6991107c000000001a031e8a
2026-03-10,openclaw 入门,openclaw应用场景,Dev大王,55,https://www.xiaohongshu.com/search_result/699e9229000000000d00bae0
2026-03-10,openclaw 入门,🔥 OpenClaw新手必装10个神器技能包,小宇学堂,3,https://www.xiaohongshu.com/search_result/69ad80b90000000026032fd2
2026-03-10,openclaw 入门,让我非常震撼的 OpenClaw 玩法。,小盖,2.2万,https://www.xiaohongshu.com/search_result/699c650b0000000016009213
2026-03-10,openclaw 入门,别再本地折腾OpenClaw正确方式是上云,极客开源,53,https://www.xiaohongshu.com/search_result/6989cfbe0000000028023b4a
2026-03-10,openclaw 入门,AI一人公司openclaw7天入门实战训练营,雅琪AI服务,3,https://www.xiaohongshu.com/search_result/69a584d2000000001a03404b
2026-03-10,openclaw 入门,AI Agent OpenClaw和Manus有什么区别？,SoraSky,17,https://www.xiaohongshu.com/search_result/699d7e69000000001a01fa43
2026-03-10,openclaw 入门,OpenClaw 二十种玩法公开🦞你解锁了几个,正文,50,https://www.xiaohongshu.com/search_result/69a3deae000000002203b0ca
2026-03-10,openclaw 入门,狂用 openclaw 十天欢迎提问,VA7,6989,https://www.xiaohongshu.com/search_result/69884f03000000002801fef3
2026-03-10,openclaw 入门,OpenClaw 变聪明的方法,xueyuanhuang,10,https://www.xiaohongshu.com/search_result/6992e7a1000000000a03325e
2026-03-10,openclaw 入门,挑战全网极速｜一分钟部署 OpenClaw,Akring,239,https://www.xiaohongshu.com/search_result/698edbf4000000000a03edb9
2026-03-10,openclaw 入门,你必须看的openclaw踩坑指南,奥森木,228,https://www.xiaohongshu.com/search_result/698facff000000001d010290
2026-03-10,openclaw 入门,OpenClaw 值得安装的Skills,CC的AI 实验室,600,https://www.xiaohongshu.com/search_result/698d3c71000000000a02b7b4
2026-03-10,openclaw 入门,第1集 入门openclaw，开启创业大转型,陶德,491,https://www.xiaohongshu.com/search_result/69a4cef0000000001a029795
2026-03-10,openclaw 入门,openclaw接入deepseek,K先生,103,https://www.xiaohongshu.com/search_result/69822cd8000000000a03c216
2026-03-10,openclaw 接入飞书,浅玩一下 OpenClaw 真的很有趣哇,iooi,173,https://www.xiaohongshu.com/search_result/6988a232000000000e03e1d3
2026-03-10,openclaw 接入飞书,才发现凌晨四点我的小龙虾就通知我过年了,秀强.ai,95,https://www.xiaohongshu.com/search_result/6985e610000000000d00bf06
2026-03-10,openclaw 接入飞书,🦞OpenClaw对接TG/Telegram实操全记录,撕代码的斯黛拉,100,https://www.xiaohongshu.com/search_result/699daf06000000001a02793a
2026-03-10,openclaw 接入飞书,终于搞定了OpenClaw调Gemini,小红薯🍠aaa,45,https://www.xiaohongshu.com/search_result/6980d51a000000000a02f1da
2026-03-10,openclaw 接入飞书,我给 OpenClaw 搭建的「永不失忆」记忆系统,bryan,240,https://www.xiaohongshu.com/search_result/69950693000000001600b8cb
2026-03-10,openclaw 接入飞书,哪个国产大模型最适配 OpenClaw,墨言之渊,21,https://www.xiaohongshu.com/search_result/699e3ecc000000001a0365a4
2026-03-10,openclaw 接入飞书,openclaw使用9天实际感受！☹️,404K,74,https://www.xiaohongshu.com/search_result/699a19f4000000000a02ca72
2026-03-10,openclaw 接入飞书,Openclaw在国内完美的channel存在吗？,巴普洛夫的夜猫,67,https://www.xiaohongshu.com/search_result/6995657b000000001a01c9b1
2026-03-10,openclaw 接入飞书,openclaw的十个真实用列,喵喵大王学Ai,1966,https://www.xiaohongshu.com/search_result/699b0e4c000000001b01ff21
2026-03-10,openclaw 飞书教程,手把手教你吃大龙虾🦞,Kyro Tech,1001,https://www.xiaohongshu.com/search_result/69a133680000000015020a87
2026-03-10,openclaw 飞书教程,clawdbot接入飞书配置教程,CC的AI 实验室,245,https://www.xiaohongshu.com/search_result/697c8ab2000000000a032bd6
2026-03-10,openclaw 飞书教程,OpenClaw秒装，但折腾了一周才跑顺,数字榫叔,73,https://www.xiaohongshu.com/search_result/6989c26a000000001d02709e
2026-03-10,openclaw 飞书教程,Joy1🏀,Joy1🏀,8,https://www.xiaohongshu.com/search_result/6981772c000000002203064b
2026-03-10,openclaw 飞书教程,Openclaw+飞书完整教程：5分钟接入云文档,千合思维笔记,8,https://www.xiaohongshu.com/search_result/69ae7b7d0000000022031c35
2026-03-10,openclaw 飞书教程,阿里云部署的openclaw怎么连飞书官方插件,你你你你你,2,https://www.xiaohongshu.com/search_result/69ad876b00000000150305f2
2026-03-10,openclaw 飞书教程,全网顶流ClawdBot+飞书0基础最详细安装教程,创哥的AI实验室,7470,https://www.xiaohongshu.com/search_result/69835816000000000a0289ad
2026-03-10,openclaw 飞书教程,OpenClaw运行一晚上，电脑烧屏了！,Z先生,212,https://www.xiaohongshu.com/search_result/6986860e000000000d00abb6
2026-03-10,openclaw 飞书教程,有谁用 kimiclaw 用出最佳实践的吗？,陈素,205,https://www.xiaohongshu.com/search_result/69a18dfc0000000015023b43
2026-03-10,openclaw 自动化,🦞跑通OpenClaw后装了48个skills,迟悟,325,https://www.xiaohongshu.com/search_result/699e890e000000001a0306c5
2026-03-10,openclaw 自动化,OpenClaw 的底层逻辑怎么实现自动化,逍遥法内的geek,10,https://www.xiaohongshu.com/search_result/6980e028000000000b00bf74
2026-03-10,openclaw 自动化,AI - OpenClaw 正在偷走你的生活？🦞⚠️,清醒的一颗诞,4623,https://www.xiaohongshu.com/search_result/69ad3bcf000000001a02ffdd
2026-03-10,openclaw 自动化,激情调教了一周OpenClaw🦞发现也就这么回事,JZ,104,https://www.xiaohongshu.com/search_result/6996c2eb000000001a01fd53
2026-03-10,openclaw 自动化,OpenClaw打通Apple Notes，越用越爽啊！,超级斜杠,1471,https://www.xiaohongshu.com/search_result/6986e1f1000000000a0287cd
2026-03-10,openclaw 自动化,要是Manus没卖，现在还值钱么？,一只博美叫招财,524,https://www.xiaohongshu.com/search_result/698846ef000000000a031878
2026-03-10,openclaw 自动化,OpenClaw：AI炒股的好手，听说超过了99%的人？,互联网大厂茶水间,183,https://www.xiaohongshu.com/search_result/698c717e000000001b014d4a
2026-03-10,openclaw 自动化,OpenClaw牛逼上天：一个AI打通创作、自动化,shinixiaofan,6,https://www.xiaohongshu.com/search_result/69aa9082000000001600b4a7
2026-03-10,openclaw 自动化,OpenClaw 实战：搭建自动化 SEO 工作流,Tim - 专做出海GEO & SEO,56,https://www.xiaohongshu.com/search_result/699c02ff000000001a01d83d
2026-03-10,openclaw 自动化,【保姆级教程】安装OpenClaw+飞书官方插件,小帅小帅,2689,https://www.xiaohongshu.com/search_result/69ac485d000000001a025ccd
2026-03-10,openclaw 自动化,用OpenClaw躺赚睡后收入，百度也能用上它了,大厂甄嬛传,149,https://www.xiaohongshu.com/search_result/698c553e000000000a02ad30
2026-03-10,openclaw 自动化,Openclaw最适合做的其实是dirty work,平凡,14,https://www.xiaohongshu.com/search_result/697f601b000000001a01fc9b
2026-03-10,openclaw 自动化,openclaw真的可以在macmini上控制浏览器,乔竞,134,https://www.xiaohongshu.com/search_result/69a2abe90000000015021bc9
2026-03-10,openclaw 自动化,是否用 OpenClaw 把工作自动化的决策门槛,摇曳的光明,2,https://www.xiaohongshu.com/search_result/69a445e500000000220228ee
2026-03-10,openclaw 自动化,Openclaw实际应用，自动化对课题降重,Mccree何慌慌｜Agent,45,https://www.xiaohongshu.com/search_result/698a152e000000000a03dead
2026-03-10,openclaw 工作流,AI开始自己赚钱了，还带人类玩吗？,一思维大,184,https://www.xiaohongshu.com/search_result/69883149000000001d010c3f
2026-03-10,openclaw 工作流,新手也能复现的AI盯盘工作流（附完整步骤）,EquiTech AI自动化,1,https://www.xiaohongshu.com/search_result/69ad5d57000000001a02822e
2026-03-10,openclaw 工作流,搞定龙虾本地部署，浅谈Ai对跨境的破局,momo,1,https://www.xiaohongshu.com/search_result/69ad1ade000000002800ae55
2026-03-10,openclaw 工作流,😲 OpenClaw 夜间任务不执行的原因,AI布丁,37,https://www.xiaohongshu.com/search_result/6996e2e6000000001a027fb8
2026-03-10,openclaw 工作流,我用 openclaw 在我的电脑上装了一个实时分,品牌投放增长研究所,45,https://www.xiaohongshu.com/search_result/69a288a5000000001600a51e
2026-03-10,openclaw 工作流,OpenClaw 打造一人公司，5个Agents终于协同,AI黎叔,283,https://www.xiaohongshu.com/search_result/69a1ae260000000026032aac
2026-03-10,openclaw 工作流,给你的小龙虾一个更有趣的灵魂吧,吴肉肉,590,https://www.xiaohongshu.com/search_result/698a5f1a000000001600ab28
2026-03-10,openclaw 工作流,让飞书变身“最强大脑”！OpenClaw 接入飞,Samuel128,2,https://www.xiaohongshu.com/search_result/69ad72b6000000001a0303fb
2026-03-10,openclaw 工作流,别再迷信单个AI了，真正省时间的是少返工,提效不玄学,1,https://www.xiaohongshu.com/search_result/69ad3dc4000000001b017cc0
2026-03-10,openclaw 工作流,OpenClaw悟了：30天🔥,拐爷,2,https://www.xiaohongshu.com/search_result/69ad487f000000002800b266
2026-03-10,openclaw 工作流,我用OpenClaw做了个邮箱智能体,努力学习的黄小宝他爸,37,https://www.xiaohongshu.com/search_result/699b2b0a000000000a03c96b
2026-03-10,openclaw 工作流,Clawdbot的工作、娱乐和文化生活过于丰富,Mogii,97,https://www.xiaohongshu.com/search_result/698882d2000000001503bf53
2026-03-10,openclaw 工作流,OpenClaw + Gemini（羊毛攻略）,乐乐在AI的路上,351,https://www.xiaohongshu.com/search_result/699956ec000000001a03290f
2026-03-10,openclaw 工作流,真实体验OpenClaw：我的AI贾维斯已经来了,Winston,10,https://www.xiaohongshu.com/search_result/69861b44000000000a02c1c8
2026-03-10,openclaw 工作流,🍔 用OpenClaw点外卖｜懒人终极福音！AI帮,小红薯666ACCBC,3,https://www.xiaohongshu.com/search_result/69a239c40000000026031322
